slug,nombre,etiqueta_li,rating
chateau-royal-de-amboise,"Laura MÃ©ndez","ğŸ”­ Las vistas desde las terrazas son absolutamente impresionantes. Se domina todo el valle del Loira.",5
chateau-royal-de-amboise,"Jorge Castillo","â›ª La capilla de Saint-Hubert es pequeÃ±a pero emocionante. Ver la tumba de Leonardo da Vinci fue muy especial.",5
chateau-royal-de-amboise,"Eva Morales","ğŸš¶â€â™‚ï¸ El paseo hasta el castillo por el casco histÃ³rico es precioso. Calles con encanto y ambiente autÃ©ntico.",4
chateau-royal-de-amboise,"Pablo Serrano","ğŸ“¸ Al atardecer el castillo se ilumina y se refleja en el rÃ­o. Una de las mejores fotos del viaje.",5
chateau-de-azay-le-rideau,"Claudia Nieto","ğŸŒ… Ver el castillo reflejado en el agua a primera hora es mÃ¡gico. Parece un espejo perfecto.",5
chateau-de-azay-le-rideau,"RaÃºl DomÃ­nguez","ğŸš¶â€â™‚ï¸ Dar la vuelta al estanque permite descubrir mil Ã¡ngulos diferentes. SÃºper fotogÃ©nico.",4
chateau-de-azay-le-rideau,"Silvia Castro","ğŸ§ La audioguÃ­a cuenta historias curiosas del Renacimiento y de sus antiguos propietarios. Muy recomendable.",5
chateau-de-azay-le-rideau,"TomÃ¡s GarcÃ­a","ğŸƒ El parque es precioso para descansar despuÃ©s de la visita. Muy tranquilo y agradable.",4
chateau-de-beaugency,"Isabel Romero","ğŸ° Un castillo menos conocido pero lleno de historia. La visita fue muy tranquila, sin aglomeraciones.",5
chateau-de-beaugency,"Sergio Navarro","ğŸ”¦ La experiencia inmersiva con luces y proyecciones en las salas es sorprendente. No me lo esperaba.",5
chateau-de-beaugency,"Cristina Varela","ğŸ“š Me encantÃ³ cÃ³mo explican la historia del castillo y la ciudad. Muy bien documentado.",4
chateau-de-beaugency,"Daniel PÃ©rez","ğŸŒ‰ Las vistas desde la torre hacia el puente medieval y el Loira valen totalmente la subida.",5
chateau-de-beauregard,"Laura SÃ¡nchez","ğŸ–¼ï¸ La GalerÃ­a de los Retratos es impresionante, nunca habÃ­a visto tantas figuras histÃ³ricas reunidas en un mismo lugar.",5
chateau-de-beauregard,"Miguel Herrera","ğŸŒ³ Los jardines del 'jardÃ­n de los retratos' son preciosos y muy originales. Ideal para pasear con calma.",4
chateau-de-beauregard,"Paula Molina","ğŸ“¸ Un castillo menos turÃ­stico, lo cual permite disfrutar las salas con tranquilidad y sacar fotos sin prisas.",5
chateau-de-beauregard,"Ricardo Torres","ğŸ” Me encantÃ³ descubrir la historia detrÃ¡s de cada personaje retratado. Es como caminar dentro de un libro de historia.",5
chateau-royal-de-blois,"Andrea PÃ©rez","ğŸ° Fascinante ver cÃ³mo en un mismo castillo conviven estilos gÃ³tico, renacentista y clÃ¡sico. Es como recorrer tres castillos en uno.",5
chateau-royal-de-blois,"Sergio Navarro","ğŸ‘‘ La sala de los Estados Generales y las anÃ©cdotas histÃ³ricas de reyes y conspiraciones hacen la visita sÃºper interesante.",4
chateau-royal-de-blois,"Natalia Torres","âœ¨ El espectÃ¡culo nocturno de luces y sonido es mÃ¡gico. Vale totalmente la pena quedarse hasta la noche.",5
chateau-royal-de-blois,"Diego Campos","ğŸ“¸ Desde el patio interior puedes ver de cerca la famosa escalera renacentista. Muy fotogÃ©nica.",5
chateau-de-chambord,"Carlos MÃ©ndez","ğŸ° El castillo es impresionante, especialmente la escalera de doble hÃ©lice. Nunca habÃ­a visto algo igual.",5
chateau-de-chambord,"Laura SÃ¡nchez","ğŸŒ³ El parque es enorme, alquilar una bici fue lo mejor del dÃ­a. Se siente como un paseo real por la naturaleza.",4
chateau-de-chambord,"AndrÃ©s Molina","ğŸ“¸ Las vistas desde la terraza son espectaculares. Vale totalmente la pena subir hasta arriba.",5
chateau-de-chambord,"Patricia Herrera","â° Mucha gente al mediodÃ­a, recomendarÃ­a ir temprano para disfrutarlo con mÃ¡s calma.",4
chateau-de-chaumont,"LucÃ­a Herrera","ğŸŒ¿ Si visitas entre abril y octubre, no te pierdas el Festival Internacional de Jardines; cada jardÃ­n es una instalaciÃ³n artÃ­stica.",5
chateau-de-chaumont,"Mario Escudero","ğŸŒ… QuÃ©date hasta el atardecer: las vistas del rÃ­o Loira desde la terraza son espectaculares.",5
chateau-de-chaumont,"Beatriz Alonso","ğŸŸï¸ Compra la entrada combinada castillo + jardines, merece la pena para disfrutar del dominio completo.",4
chateau-de-chaumont,"Alberto Reyes","ğŸ“¸ Lleva baterÃ­a extra: hay arte contemporÃ¡neo repartido por los jardines y el interior del castillo.",5
chateau-de-chenonceau,"Sara DomÃ­nguez","ğŸŒ‰ Cruza la galerÃ­a sobre el rÃ­o Cher: caminar en un castillo puente es una experiencia Ãºnica.",5
chateau-de-chenonceau,"Hugo RamÃ­rez","ğŸŒº Recorre los jardines de Diana de Poitiers y Catalina de MÃ©dici; compÃ¡ralos, cada uno tiene un estilo diferente.",5
chateau-de-chenonceau,"Valeria Campos","ğŸš¤ Si el clima lo permite, toma un paseo en barca por el rÃ­o Cher para obtener la vista perfecta del castillo.",4
chateau-de-chenonceau,"Rafael CortÃ©s","ğŸ“· Llega temprano o al atardecer para evitar grupos turÃ­sticos y conseguir las mejores fotos reflejadas en el agua.",5
chateau-de-cheverny,"SofÃ­a Morales","ğŸ¶ El circuito de los perros de caza es Ãºnico, nunca habÃ­a visto algo asÃ­ en un castillo. SÃºper interesante.",5
chateau-de-cheverny,"Jorge Vidal","ğŸ–¼ï¸ El interior estÃ¡ espectacularmente amueblado, parece que la familia acabe de salir de una habitaciÃ³n.",5
chateau-de-cheverny,"Elena Prieto","ğŸš¤ La visita al museo de TintÃ­n fue una sorpresa total, muy interactivo y bien hecho.",4
chateau-de-cheverny,"RaÃºl SÃ¡nchez","ğŸŒ³ Los jardines son perfectos para pasear con calma y relajarse despuÃ©s del castillo.",5
chateau-de-cheverny,"Isabel Torres","ğŸ° Uno de los interiores mÃ¡s elegantes del Valle del Loira. Cada sala estÃ¡ llena de detalles espectaculares.",5
chateau-de-cheverny,"Miguel Herrera","ğŸ¶ La visita a la perrera es curiosÃ­sima. No sabÃ­a que aquÃ­ se inspirÃ³ HergÃ© para el castillo de Moulinsart.",4
chateau-de-cheverny,"Raquel JimÃ©nez","ğŸ¨ La decoraciÃ³n es impresionante, mucho mÃ¡s fastuosa que en otros castillos. Muy recomendable.",5
chateau-de-cheverny,"TomÃ¡s Vidal","ğŸŒ³ Los jardines son muy agradables para pasear y el conjunto del dominio estÃ¡ muy bien cuidado.",4
chateau-de-cheverny,"Patricia Alonso","âœ¨ La exposiciÃ³n de TintÃ­n es un plus fantÃ¡stico, especialmente si eres fan. El castillo estÃ¡ impecable.",5
chateau-de-chinon,"Marta Varela","ğŸ° Impresiona caminar por las murallas y ver cÃ³mo domina todo el valle del Vienne. La historia de Juana de Arco cobra vida.",5
chateau-de-chinon,"Hugo Salinas","ğŸ”­ Las vistas desde las torres son increÃ­bles, puedes ver el rÃ­o y el pueblo medieval. Subida 100% recomendable.",4
chateau-de-chinon,"Patricia LeÃ³n","ğŸ§ La audioguÃ­a estÃ¡ muy bien narrada, mezcla historia con pequeÃ±as anÃ©cdotas. Se hace sÃºper entretenida.",5
chateau-de-chinon,"Ãlvaro Ruiz","ğŸ“¸ FortificaciÃ³n enorme y fotogÃ©nica. Ideal para combinar con un paseo por el casco antiguo de Chinon.",5
chateau-de-clos-luce,"SofÃ­a Herrera","ğŸ–¼ï¸ Ver las maquetas y mÃ¡quinas diseÃ±adas por Leonardo da Vinci es fascinante. Todo estÃ¡ muy bien explicado.",5
chateau-de-clos-luce,"Daniel MuÃ±oz","ğŸŒ³ El parque exterior con las reproducciones a escala real permite interactuar con los inventos de Leonardo.",4
chateau-de-clos-luce,"Carla DomÃ­nguez","ğŸ  La casa tiene un ambiente Ã­ntimo y cÃ¡lido; se siente realmente como el lugar donde Leonardo viviÃ³ sus Ãºltimos aÃ±os.",5
chateau-de-clos-luce,"IvÃ¡n Torres","ğŸ“¸ Ideal para familias y curiosos. Muchas Ã¡reas interactivas y paneles que hacen la visita muy entretenida.",5
chateau-de-langeais,"Marina GutiÃ©rrez","ğŸ° Uno de los castillos mÃ¡s autÃ©nticos del Loira: conserva su estructura medieval y mobiliario original.",5
chateau-de-langeais,"RubÃ©n Salas","ğŸ•°ï¸ La recreaciÃ³n del matrimonio de Ana de BretaÃ±a y Carlos VIII es muy interesante y estÃ¡ muy bien ambientada.",4
chateau-de-langeais,"Elisa Romero","ğŸŒ‰ Las vistas desde el puente levadizo son impresionantes, realmente te transporta a la Edad Media.",5
chateau-de-langeais,"TomÃ¡s Aguilar","ğŸŒ¿ El jardÃ­n del parque con el mirador hacia el Loira es perfecto para descansar despuÃ©s de la visita.",5
chateau-de-saumur,"Claudia MÃ©ndez","ğŸ° El castillo en lo alto de la colina ofrece una vista espectacular del Loira y de toda la ciudad.",5
chateau-de-saumur,"Ãlvaro Ruiz","ğŸ El museo del caballo es sorprendentemente interesante y estÃ¡ muy bien presentado.",4
chateau-de-saumur,"Nuria Delgado","ğŸ“¸ Ideal para fotos, especialmente desde el mirador exterior. El castillo es precioso desde cualquier Ã¡ngulo.",5
chateau-de-saumur,"Gabriel Torres","ğŸŒ™ Si puedes, visÃ­talo al anochecer: la iluminaciÃ³n del castillo es mÃ¡gica.",5
chateau-de-usse,"Marina LÃ³pez","ğŸ° Parece salido de un cuento. Se entiende por quÃ© inspirÃ³ 'La Bella Durmiente'. Es simplemente mÃ¡gico.",5
chateau-de-usse,"Jorge Castillo","ğŸ§µ La exposiciÃ³n con escenas de la Bella Durmiente dentro del castillo es muy original y divertida.",4
chateau-de-usse,"Patricia NÃºÃ±ez","ğŸŒ³ Los jardines y la vista hacia el Loira hacen que valga la pena quedarse un buen rato paseando.",5
chateau-de-usse,"David Romero","ğŸ“¸ Muy fotogÃ©nico desde todos los Ã¡ngulos. Las torres y el entorno son de pelÃ­cula.",5
chateau-de-villandry,"Ana GÃ³mez","âœ¨ Belleza arquitectÃ³nica y ambiente tranquilo; imprescindible en el centro histÃ³rico.",5
chateau-de-villandry,"Luis FernÃ¡ndez","ğŸ¶ Me encantaron las vidrieras y el Ã³rgano histÃ³rico.",4
chateau-de-villandry,"MarÃ­a LÃ³pez","ğŸ˜ El castillo sobre el rÃ­o es impresionante. El reflejo en el agua parece un cuadro.",5
chateau-de-villandry,"Javier MartÃ­n","ğŸŒ¿ Pasear por los jardines es mÃ¡gico. Se nota la influencia de Catalina de MÃ©dici y Diana de Poitiers.",5
chateau-de-villandry,"Elena Ruiz","ğŸ“¸ De los castillos mÃ¡s fotogÃ©nicos del valle. Cada sala cuenta una historia. Â¡VolverÃ­a sin dudarlo!",5
chateau-de-chaumont-sur-loire,"Carlos MÃ©ndez","ğŸŒº El Festival Internacional de Jardines es una experiencia Ãºnica. Cada instalaciÃ³n sorprende mÃ¡s que la anterior.",5
chateau-de-chaumont-sur-loire,"Laura SÃ¡nchez","ğŸ° El castillo tiene una mezcla preciosa entre historia y arte contemporÃ¡neo. Muy bien conservado.",4
chateau-de-chaumont-sur-loire,"Pedro Rivas","ğŸŒ¿ Los jardines son enormes y muy variados. PasÃ© horas recorriÃ©ndolos sin darme cuenta.",5
chateau-de-chaumont-sur-loire,"SofÃ­a Delgado","ğŸ“¸ Perfecto para fotÃ³grafos. Tanto el parque como el castillo ofrecen vistas increÃ­bles.",5
chateau-de-chaumont-sur-loire,"AndrÃ©s Ortega","âœ¨ Es un castillo menos masificado que otros del Loira y se agradece. Ambiente tranquilo y mucho arte.",4
chateau-de-beauregard,"Isabel Moreno","ğŸ–¼ï¸ La GalerÃ­a de los Retratos es impresionante. MÃ¡s de 300 figuras histÃ³ricas en un solo salÃ³n.",5
chateau-de-beauregard,"Miguel Torres","ğŸŒ³ Los jardines y el parque son perfectos para pasear. Muy tranquilo y fotogÃ©nico.",4
chateau-de-beauregard,"RocÃ­o Navarro","ğŸ° Un castillo menos conocido del Loira, pero con muchÃ­simo encanto. Sorprende la calidad de las salas.",5
chateau-de-beauregard,"Daniel PÃ©rez","ğŸ“š La historia del lugar estÃ¡ muy bien explicada. Ideal para combinar con visitas a Blois y Cheverny.",4
chateau-de-beauregard,"Patricia Aguilar","âœ¨ La riqueza artÃ­stica interior y la calma del entorno lo convierten en una visita imprescindible.",5
chateau-de-fougeres-sur-bievre,"RocÃ­o Navarro","ğŸ° Un castillo medieval pequeÃ±o pero lleno de autenticidad. Perfecto para quienes buscan algo menos turÃ­stico.",5
chateau-de-fougeres-sur-bievre,"Daniel PÃ©rez","ğŸ›¡ï¸ Ideal para entender la arquitectura defensiva del Loira. Su estructura bien conservada sorprende.",4
chateau-de-fougeres-sur-bievre,"Patricia Aguilar","âœ¨ Su atmÃ³sfera tranquila y su encanto medieval lo convierten en una visita muy agradable.",5
chateau-de-fougeres-sur-bievre,"Sergio Medina","ğŸ“š Paneles explicativos claros y una visita rÃ¡pida pero muy enriquecedora. Excelente para combinar con Cheverny o Blois.",4
chateau-de-fougeres-sur-bievre,"LucÃ­a Herrera","ğŸ“¸ Perfecto para amantes de la fotografÃ­a: muros, torres y foso crean un ambiente Ãºnico.",5
chateau-d-azay-le-rideau,"RocÃ­o Navarro","ğŸ° Castillo renacentista elegante, reflejado en el rÃ­o Indre. Ideal para quienes buscan historia y arquitectura refinada.",5
chateau-d-azay-le-rideau,"Daniel PÃ©rez","ğŸ›¡ï¸ Impresionante ejemplo del Renacimiento francÃ©s. Sus salones y decoraciÃ³n sorprenden a cada paso.",4
chateau-d-azay-le-rideau,"Patricia Aguilar","âœ¨ Ambiente tranquilo y romÃ¡ntico, perfecto para pasear por el agua y los jardines del castillo.",5
chateau-d-azay-le-rideau,"Sergio Medina","ğŸ“š Paneles informativos claros y recorrido muy educativo. Ideal para combinar con Villandry o Langeais.",4
chateau-d-azay-le-rideau,"LucÃ­a Herrera","ğŸ“¸ Un paraÃ­so para la fotografÃ­a: reflejos en el rÃ­o, fachadas renacentistas y detalles decorativos Ãºnicos.",5
chateau-d-usse,"RocÃ­o Navarro","ğŸ° Castillo romÃ¡ntico de cuentos de hadas, con torres y jardines ornamentales que fascinan a todos los visitantes.",5
chateau-d-usse,"Daniel PÃ©rez","ğŸ›¡ï¸ Ejemplo impresionante de arquitectura renacentista y romÃ¡ntica; interiores decorativos y detalles sorprendentes.",4
chateau-d-usse,"Patricia Aguilar","âœ¨ Ambiente mÃ¡gico y encantador, perfecto para pasear entre torres y jardines inspirados en los cuentos de hadas.",5
chateau-d-usse,"Sergio Medina","ğŸ“š Paneles informativos y recorrido educativo; ideal para combinar con Villandry o Azay-le-Rideau.",4
chateau-d-usse,"LucÃ­a Herrera","ğŸ“¸ Para amantes de la fotografÃ­a: fachadas romÃ¡nticas, torres de ensueÃ±o y jardines ornamentales Ãºnicos.",5